name_wrong,first_name_wrong,address_street,
Amojan,Zelmira,Some Street 212,
Amojan,Zelmira,Some Street 624,
wohlgemuth,Yvonne Schumacher-von,Some Street 667,
Barfuß,Yvonne,Some Street 743,
Barfuss,Yvonne,Some Street 744,
Pangert,Yvonne,Some Street 774,
Pangert,Yvonne,Some Street 942,
Noetzel,Yulia,Some Street 137,
Noetzel,Yulia,Some Street 138,
Gelsthorpe,Yuki,Some Street 170,
Johann,Xinyun,Some Street 971,
doerfler,Wolfgang,Some Street 413,
Gallas,Wolfgang,Some Street 414,
Wilhelm,Wolfgang,Some Street 916,
Wilhelm,Wolfgang,Some Street 917,
Yun,Wehlauer,Some Street 317,
Weigel,Wagner,Some Street 637,
WOSLKI GMBH z.H. FRAU CLAUDIA WUNDERLICH,Wagner,Some Street 638,
Vavra,Volker,Some Street 99,
Echerer,Volker,Some Street 100,
Echerer,Volkan,Some Street 664,
Demiri,Viviane,Some Street 151,
Michael Wagner,vittoria,Some Street 857,
Seidel,vittoria,Some Street 872,
Grube,vittoria,Some Street 873,
Grube,Visnja,Some Street 566,
Harin,Viktoria,Some Street 112,
Feick,Viktoria,Some Street 113,
Feick,Verena,Some Street 299,